Workbook

Sheet DBB
B2: Divisiones para ducha batiente
B29: Dimensiones | L29: Perfiles
B30: Ancho | D30: Altura | F30: Final | H30: Batiente | J30: Fijo | L30: Marco | M30: Pie | N30: Batiente | Q30: Fijo | T30: Total
B31: Inf. | C31: Sup. | D31: Izq. | E31: Der. | F31: Ancho | G31: Altura | H31: Ancho | I31: Altura | J31: Ancho | K31: Altura | L31: 3893 | M31: 1386 | N31: 3784 | O31: 3897 | P31: 3785 | Q31: 3784 | R31: 3897 | S31: 3785 | T31: 3893 | U31: 1386 | V31: 3784 | W31: 3897 | X31: 3785
B32: mm | C32: mm | D32: mm | E32: mm | F32: mm | G32: mm | H32: mm | I32: mm | J32: mm | K32: mm | L32: mm | M32: mm | N32: mm | O32: mm | P32: mm | Q32: mm | R32: mm | S32: mm | T32: mm | U32: mm | V32: mm | W32: mm | X32: mm
B33: 1055 | C33: 1061 | D33: 1600 | E33: =+D33 -> 1600 | F33: =MAX(B33:C33) -> 1061 | G33: =MAX(D33:E33) -> 1600 | H33: 750 | I33: 1600 | J33: =F33-26-H33-6 -> 279 | K33: =+I33 -> 1600 | L33: 1600 | M33: 200 | N33: =H33*2+I33*2 -> 4700 | O33: =+H33 -> 750 | P33: =N33+2*O33 -> 6200 | Q33: =K33*2+J33*2+200 -> 3958 | R33: =+J33 -> 279 | S33: =Q33+2*R33 -> 4516 | T33: =+L33*1.03 -> 1648 | U33: =+M33 -> 200 | V33: =ROUNDUP((N33+Q33)*1.03,0) -> 8918 | W33: =ROUNDUP((O33+R33)*1.03,0) -> 1060 | X33: =ROUNDUP((P33+S33)*1.03,0) -> 11038
B34: 992 | C34: 992 | D34: 1600 | E34: =+D34 -> 1600 | F34: =MAX(B34:C34) -> 992 | G34: =MAX(D34:E34) -> 1600 | H34: 750 | I34: 1600 | J34: =F34-26-H34-6 -> 210 | K34: =+I34 -> 1600 | L34: 1600 | M34: 200 | N34: =H34*2+I34*2 -> 4700 | O34: =+H34 -> 750 | P34: =N34+2*O34 -> 6200 | Q34: =K34*2+J34*2+200 -> 3820 | R34: =+J34 -> 210 | S34: =Q34+2*R34 -> 4240 | T34: =+L34*1.03 -> 1648 | U34: =+M34 -> 200 | V34: =ROUNDUP((N34+Q34)*1.03,0) -> 8776 | W34: =ROUNDUP((O34+R34)*1.03,0) -> 989 | X34: =ROUNDUP((P34+S34)*1.03,0) -> 10754
B35: 939 | C35: 942 | D35: 1600 | E35: =+D35 -> 1600 | F35: =MAX(B35:C35) -> 942 | G35: =MAX(D35:E35) -> 1600 | H35: 750 | I35: 1600 | J35: =F35-26-H35-6 -> 160 | K35: =+I35 -> 1600 | L35: 1600 | M35: 200 | N35: =H35*2+I35*2 -> 4700 | O35: =+H35 -> 750 | P35: =N35+2*O35 -> 6200 | Q35: =K35*2+J35*2+200 -> 3720 | R35: =+J35 -> 160 | S35: =Q35+2*R35 -> 4040 | T35: =+L35*1.03 -> 1648 | U35: =+M35 -> 200 | V35: =ROUNDUP((N35+Q35)*1.03,0) -> 8673 | W35: =ROUNDUP((O35+R35)*1.03,0) -> 938 | X35: =ROUNDUP((P35+S35)*1.03,0) -> 10548
B36: 1002 | C36: 1004 | D36: 1600 | E36: =+D36 -> 1600 | F36: =MAX(B36:C36) -> 1004 | G36: =MAX(D36:E36) -> 1600 | H36: 750 | I36: 1600 | J36: =F36-26-H36-6 -> 222 | K36: =+I36 -> 1600 | L36: 1600 | M36: 200 | N36: =H36*2+I36*2 -> 4700 | O36: =+H36 -> 750 | P36: =N36+2*O36 -> 6200 | Q36: =K36*2+J36*2+200 -> 3844 | R36: =+J36 -> 222 | S36: =Q36+2*R36 -> 4288 | T36: =+L36*1.03 -> 1648 | U36: =+M36 -> 200 | V36: =ROUNDUP((N36+Q36)*1.03,0) -> 8801 | W36: =ROUNDUP((O36+R36)*1.03,0) -> 1002 | X36: =ROUNDUP((P36+S36)*1.03,0) -> 10803
B37: 1003 | C37: 1005 | D37: 1600 | E37: =+D37 -> 1600 | F37: =MAX(B37:C37) -> 1005 | G37: =MAX(D37:E37) -> 1600 | H37: 750 | I37: 1600 | J37: =F37-26-H37-6 -> 223 | K37: =+I37 -> 1600 | L37: 1600 | M37: 200 | N37: =H37*2+I37*2 -> 4700 | O37: =+H37 -> 750 | P37: =N37+2*O37 -> 6200 | Q37: =K37*2+J37*2+200 -> 3846 | R37: =+J37 -> 223 | S37: =Q37+2*R37 -> 4292 | T37: =+L37*1.03 -> 1648 | U37: =+M37 -> 200 | V37: =ROUNDUP((N37+Q37)*1.03,0) -> 8803 | W37: =ROUNDUP((O37+R37)*1.03,0) -> 1003 | X37: =ROUNDUP((P37+S37)*1.03,0) -> 10807
B38: 1004 | C38: 1004 | D38: 1600 | E38: =+D38 -> 1600 | F38: =MAX(B38:C38) -> 1004 | G38: =MAX(D38:E38) -> 1600 | H38: 750 | I38: 1600 | J38: =F38-26-H38-6 -> 222 | K38: =+I38 -> 1600 | L38: 1600 | M38: 200 | N38: =H38*2+I38*2 -> 4700 | O38: =+H38 -> 750 | P38: =N38+2*O38 -> 6200 | Q38: =K38*2+J38*2+200 -> 3844 | R38: =+J38 -> 222 | S38: =Q38+2*R38 -> 4288 | T38: =+L38*1.03 -> 1648 | U38: =+M38 -> 200 | V38: =ROUNDUP((N38+Q38)*1.03,0) -> 8801 | W38: =ROUNDUP((O38+R38)*1.03,0) -> 1002 | X38: =ROUNDUP((P38+S38)*1.03,0) -> 10803
B39: 1053 | C39: 1058 | D39: 1600 | E39: =+D39 -> 1600 | F39: =MAX(B39:C39) -> 1058 | G39: =MAX(D39:E39) -> 1600 | H39: 750 | I39: 1600 | J39: =F39-26-H39-6 -> 276 | K39: =+I39 -> 1600 | L39: 1600 | M39: 200 | N39: =H39*2+I39*2 -> 4700 | O39: =+H39 -> 750 | P39: =N39+2*O39 -> 6200 | Q39: =K39*2+J39*2+200 -> 3952 | R39: =+J39 -> 276 | S39: =Q39+2*R39 -> 4504 | T39: =+L39*1.03 -> 1648 | U39: =+M39 -> 200 | V39: =ROUNDUP((N39+Q39)*1.03,0) -> 8912 | W39: =ROUNDUP((O39+R39)*1.03,0) -> 1057 | X39: =ROUNDUP((P39+S39)*1.03,0) -> 11026
B40: 1630 | C40: 1624 | D40: 1600 | E40: =+D40 -> 1600 | F40: =MAX(B40:C40) -> 1630 | G40: =MAX(D40:E40) -> 1600 | H40: 750 | I40: 1600 | J40: =F40-52-2*H40-12 -> 66 | K40: 1800 | L40: 3200 | M40: 0 | N40: =H40*4+I40*4 -> 9400 | O40: =+H40*2 -> 1500 | P40: =N40+2*O40 -> 12400 | Q40: =K40*2+J40*2+200 -> 3932 | R40: =+J40 -> 66 | S40: =Q40+2*R40 -> 4064 | T40: =+L40*1.03 -> 3296 | U40: =+M40 -> 0 | V40: =ROUNDUP((N40+Q40)*1.03,0) -> 13732 | W40: =ROUNDUP((O40+R40)*1.03,0) -> 1613 | X40: =ROUNDUP((P40+S40)*1.03,0) -> 16958
B41: 1570 | C41: 1570 | D41: 1800 | E41: =+D41 -> 1800 | F41: =MAX(B41:C41) -> 1570 | G41: =MAX(D41:E41) -> 1800 | J41: 1570 | K41: 1800 | L41: 0 | M41: 0 | N41: =H41*2+I41*2 -> 0 | O41: =+H41 -> 0 | P41: =N41+2*O41 -> 0 | Q41: =K41*2+J41*2+200 -> 6940 | R41: =+J41 -> 1570 | S41: =Q41+2*R41 -> 10080 | T41: =+L41*1.03 -> 0 | U41: =+M41 -> 0 | V41: =ROUNDUP((N41+Q41)*1.03,0) -> 7149 | W41: =ROUNDUP((O41+R41)*1.03,0) -> 1618 | X41: =ROUNDUP((P41+S41)*1.03,0) -> 10383
B56: Subtotal | T56: =SUM(T33:T55) -> 14832 | U56: =SUM(U33:U55) -> 1400 | V56: =SUM(V33:V55) -> 82565 | W56: =SUM(W33:W55) -> 10282 | X56: =SUM(X33:X55) -> 103120

Sheet PB
B2: Puerta batiente doble sentido
B29: Dimensiones | K29: Perfiles
B30: Ancho | D30: Altura | F30: Final | H30: Batiente | K30: Marco | M30: Jamba celosia | O30: Tubular | P30: Celosia | R30: Total
B31: Inf. | C31: Sup. | D31: Izq. | E31: Der. | F31: Ancho | G31: Altura | H31: Ancho | I31: Altura | J31: Cantidad | K31: 3893 | L31: Cantidad | M31: 3881 | N31: Cantidad | O31: 1386 | P31: 3791 | Q31: Cantidad | R31: 3893 | S31: 3881 | T31: 1386 | U31: 3791
B32: mm | C32: mm | D32: mm | E32: mm | F32: mm | G32: mm | H32: mm | I32: mm | K32: mm | M32: mm | O32: mm | P32: mm | R32: mm | S32: mm | T32: mm | U32: mm
B33: 1208 | C33: 1208 | D33: 1000 | E33: =+D33 -> 1000 | F33: =MAX(B33:C33) -> 1208 | G33: =MAX(D33:E33) -> 1000 | H33: =(F33-24-50.8)/2 -> 566.6 | I33: 1000 | J33: 2 | K33: 1000 | L33: 2 | M33: =G33-2*38 -> 924 | N33: 4 | O33: =(H33*2+I33*2)*J33 -> 6266.4 | P33: =(H33-38*2) -> 490.6 | Q33: =ROUNDUP((I33-2*38)/40,0)*J33 -> 48 | R33: =+K33*L33 -> 2000 | S33: =+M33*N33 -> 3696 | T33: =+O33 -> 6266.4 | U33: =+P33*Q33 -> 23548.8
B34: 1215 | C34: 1218 | D34: 1000 | E34: 1000 | F34: =MAX(B34:C34) -> 1218 | G34: =MAX(D34:E34) -> 1000 | H34: =(F34-24-50.8)/2 -> 571.6 | I34: 1000 | J34: 2 | K34: 1000 | L34: 2 | M34: =G34-2*38 -> 924 | N34: 4 | O34: =(H34*2+I34*2)*J34 -> 6286.4 | P34: =(H34-38*2) -> 495.6 | Q34: =ROUNDUP((I34-2*38)/40,0)*J34 -> 48 | R34: =+K34*L34 -> 2000 | S34: =+M34*N34 -> 3696 | T34: =+O34 -> 6286.4 | U34: =+P34*Q34 -> 23788.8
B56: Subtotal | R56: =SUM(R33:R55) -> 4000 | S56: =SUM(S33:S55) -> 7392 | T56: =SUM(T33:T55) -> 12552.8 | U56: =SUM(U33:U55) -> 47337.6

Sheet PTA
B2: Puerta batiente
B29: Dimensiones | L29: Perfiles
B30: Ancho | D30: Altura | F30: Final | H30: Batiente | J30: Dintel | L30: Marco | R30: Batiente | U30: Dintel | W30: Total
B31: Inf. | C31: Sup. | D31: Izq. | E31: Der. | F31: Ancho | G31: Altura | H31: Ancho | I31: Altura | J31: Ancho | K31: Altura | L31: 3893 | M31: Cantidad | N31: 3893 | O31: Cantidad | P31: 3892 | Q31: Cantidad | R31: 3763 | S31: 4130 | T31: 3785 | U31: 2810 | V31: 3785 | W31: 3893 | X31: 3892 | Y31: 3763 | Z31: 4130 | AA31: 2810 | AB31: 3785
B32: mm | C32: mm | D32: mm | E32: mm | F32: mm | G32: mm | H32: mm | I32: mm | J32: mm | K32: mm | L32: mm | N32: mm | P32: mm | R32: mm | S32: mm | T32: mm | U32: mm | V32: mm | W32: mm | X32: mm | Y32: mm | Z32: mm | AA32: mm | AB32: mm
B33: 998 | C33: 998 | D33: 2503 | E33: 2510 | F33: =MAX(B33:C33) -> 998 | G33: =MAX(D33:E33) -> 2510 | H33: =ROUND(F33-2/25.4-8,0) -> 990 | I33: 2100 | J33: =F33 -> 998 | K33: =G33-I33-10 -> 400 | L33: =G33 -> 2510 | M33: 2 | N33: =J33 -> 998 | O33: 1 | P33: =+N33 -> 998 | Q33: 1 | R33: =H33*2+I33*2 -> 6180 | S33: =+H33 -> 990 | T33: =R33+2*S33 -> 8160 | U33: =J33*2+K33*2 -> 2796 | V33: =+U33 -> 2796 | W33: =+L33+N33 -> 3508 | X33: =+P33 -> 998 | Y33: =+R33 -> 6180 | Z33: =+S33 -> 990 | AA33: =+U33 -> 2796 | AB33: =+T33+V33 -> 10956
B56: Subtotal | W56: =SUM(W33:W55) -> 3508 | X56: =SUM(X33:X55) -> 998 | Y56: =SUM(Y33:Y55) -> 6180 | Z56: =SUM(Z33:Z55) -> 990 | AA56: =SUM(AA33:AA55) -> 2796 | AB56: =SUM(AB33:AB55) -> 10956

Sheet DO
B2: Division orinal
B27: Dimensiones | H27: Perfiles
B28: Ancho | D28: Altura | F28: Final | H28: Marco | I28: Total
B29: Inf. | C29: Sup. | D29: Izq. | E29: Der. | F29: Ancho | G29: Altura | H29: 3903 | I29: 3903
B30: mm | C30: mm | D30: mm | E30: mm | F30: mm | G30: mm | H30: mm | I30: mm
B31: 800 | C31: 800 | D31: 1000 | E31: 1000 | F31: =MAX(B31:C31) -> 800 | G31: =MAX(D31:E31) -> 1000 | H31: =(F31*2+G31*2)*2 -> 7200 | I31: =+H31 -> 7200
B54: Subtotal | I54: =SUM(I31:I53) -> 7200

Sheet Material
B3: Ref | C3: Descripcion | H3: Cant | I3: Cantidad final
B4: 3893 | C4: Canal de (3X1)" (76,2X38,1) mm con aleta descentrada | H4: =IFERROR(HLOOKUP(B4,DBB!$T$31:$X$56,26,FALSE),0)+IFERROR(HLOOKUP(B4,PB!$R$31:$U$56,26,FALSE),0)+IFERROR(HLOOKUP(B4,PTA!$W$31:$AB$56,26,FALSE),0)+IFERROR(HLOOKUP(B4,DO!$I$29:$I$54,26,FALSE),0) -> 22340 | I4: =ROUNDUP((H4/6000)*1.1,0) -> 5 | J4: Un
B5: 3784 | C5: Tubular con adaptador VP3831 (1 1/2X1 1/2)" (55,8X38)mm. | H5: =IFERROR(HLOOKUP(B5,DBB!$T$31:$X$56,26,FALSE),0)+IFERROR(HLOOKUP(B5,PB!$R$31:$U$56,26,FALSE),0)+IFERROR(HLOOKUP(B5,PTA!$W$31:$AB$56,26,FALSE),0)+IFERROR(HLOOKUP(B5,DO!$I$29:$I$54,26,FALSE),0) -> 82565 | I5: =ROUNDUP((H5/6000)*1.1,0) -> 16 | J5: Un
B6: 3897 | C6: Tubular con doble adaptador VP3831 (1 1/2X1 1/2)" (73,4X38)mm. | H6: =IFERROR(HLOOKUP(B6,DBB!$T$31:$X$56,26,FALSE),0)+IFERROR(HLOOKUP(B6,PB!$R$31:$U$56,26,FALSE),0)+IFERROR(HLOOKUP(B6,PTA!$W$31:$AB$56,26,FALSE),0)+IFERROR(HLOOKUP(B6,DO!$I$29:$I$54,26,FALSE),0) -> 10282 | I6: =ROUNDUP((H6/6000)*1.1,0) -> 2 | J6: Un
B7: 3785 | C7: Pisavidrio curvo VP 3831 (29,1X18)mm | H7: =IFERROR(HLOOKUP(B7,DBB!$T$31:$X$56,26,FALSE),0)+IFERROR(HLOOKUP(B7,PB!$R$31:$U$56,26,FALSE),0)+IFERROR(HLOOKUP(B7,PTA!$W$31:$AB$56,26,FALSE),0)+IFERROR(HLOOKUP(B7,DO!$I$29:$I$54,26,FALSE),0) -> 114076 | I7: =ROUNDUP((H7/6000)*1.1,0) -> 21 | J7: Un
B8: 1386 | C8: Tubular (1 1/2X1 1/2)" (38,1X38,1)mm Espesor 1,8 mm | H8: =IFERROR(HLOOKUP(B8,DBB!$T$31:$X$56,26,FALSE),0)+IFERROR(HLOOKUP(B8,PB!$R$31:$U$56,26,FALSE),0)+IFERROR(HLOOKUP(B8,PTA!$W$31:$AB$56,26,FALSE),0)+IFERROR(HLOOKUP(B8,DO!$I$29:$I$54,26,FALSE),0) -> 13952.8 | I8: =ROUNDUP((H8/6000)*1.1,0) -> 3 | J8: Un
B9: 3881 | C9: Jamba division de baño colgante liviana | H9: =IFERROR(HLOOKUP(B9,DBB!$T$31:$X$56,26,FALSE),0)+IFERROR(HLOOKUP(B9,PB!$R$31:$U$56,26,FALSE),0)+IFERROR(HLOOKUP(B9,PTA!$W$31:$AB$56,26,FALSE),0)+IFERROR(HLOOKUP(B9,DO!$I$29:$I$54,26,FALSE),0) -> 7392 | I9: =ROUNDUP((H9/6000)*1.1,0) -> 2 | J9: Un
B10: 3791 | C10: Rejilla fija (56,4*14,8) mm | H10: =IFERROR(HLOOKUP(B10,DBB!$T$31:$X$56,26,FALSE),0)+IFERROR(HLOOKUP(B10,PB!$R$31:$U$56,26,FALSE),0)+IFERROR(HLOOKUP(B10,PTA!$W$31:$AB$56,26,FALSE),0)+IFERROR(HLOOKUP(B10,DO!$I$29:$I$54,26,FALSE),0) -> 47337.6 | I10: =ROUNDUP((H10/6000)*1.1,0) -> 9 | J10: Un
B11: 3892 | C11: Tubular con doble aleta descentrada (3X1)" (76,2X49,4)mm. | H11: =IFERROR(HLOOKUP(B11,DBB!$T$31:$X$56,26,FALSE),0)+IFERROR(HLOOKUP(B11,PB!$R$31:$U$56,26,FALSE),0)+IFERROR(HLOOKUP(B11,PTA!$W$31:$AB$56,26,FALSE),0)+IFERROR(HLOOKUP(B11,DO!$I$29:$I$54,26,FALSE),0) -> 998 | I11: =ROUNDUP((H11/6000)*1.1,0) -> 1 | J11: Un
B12: 4130 | C12: Tubular con doble adaptador VP3831 (3X1 1/2)" (126,2X38)mm. | H12: =IFERROR(HLOOKUP(B12,DBB!$T$31:$X$56,26,FALSE),0)+IFERROR(HLOOKUP(B12,PB!$R$31:$U$56,26,FALSE),0)+IFERROR(HLOOKUP(B12,PTA!$W$31:$AB$56,26,FALSE),0)+IFERROR(HLOOKUP(B12,DO!$I$29:$I$54,26,FALSE),0) -> 990 | I12: =ROUNDUP((H12/6000)*1.1,0) -> 1 | J12: Un
B13: 2810 | C13: Adaptador VP 3831 (37,8X23,3)mm | H13: =IFERROR(HLOOKUP(B13,DBB!$T$31:$X$56,26,FALSE),0)+IFERROR(HLOOKUP(B13,PB!$R$31:$U$56,26,FALSE),0)+IFERROR(HLOOKUP(B13,PTA!$W$31:$AB$56,26,FALSE),0)+IFERROR(HLOOKUP(B13,DO!$I$29:$I$54,26,FALSE),0) -> 2796 | I13: =ROUNDUP((H13/6000)*1.1,0) -> 1 | J13: Un
B14: 3903 | C14: Traslape P.C. 2044/744 (44,3X20)mm | H14: =IFERROR(HLOOKUP(B14,DBB!$T$31:$X$56,26,FALSE),0)+IFERROR(HLOOKUP(B14,PB!$R$31:$U$56,26,FALSE),0)+IFERROR(HLOOKUP(B14,PTA!$W$31:$AB$56,26,FALSE),0)+IFERROR(HLOOKUP(B14,DO!$I$29:$I$54,26,FALSE),0) -> 7200 | I14: =ROUNDUP((H14/6000)*1.1,0) -> 2 | J14: Un
B15: 3777 | C15: Tee de cielo raso de (17X22)mm | H15: =1600*9 -> 14400 | I15: =ROUNDUP((H15/6000)*1.1,0) -> 3 | J15: Un
B16: 2033 | C16: Angulo aluminio (1 1/4 X1 1/4 X 1/8)" (31 X 31 X 3)mm | H16: =(40*(160+16+2+32+6+40+8+32))*1.1 -> 13024 | I16: =ROUNDUP((H16/6000)*1.1,0) -> 3 | J16: Un
B17: CK-308 | C17: Empaque para vidrio de 4 a 5 mm tipo estrella | H17: =+H7*2 -> 228152 | I17: =ROUNDUP((H17/1000)*1.05,0) -> 240 | J17: m
B18: CW-475 | C18: Empaque para vidrio de 6 mm tipo u | H18: =+H14 -> 7200 | I18: =ROUNDUP((H18/1000)*1.05,0) -> 8 | J18: m
C19: Tornillo pan No. 8*3/4 estrella | H19: =(160+16+2+32+6+40+8+32)*2.05 -> 606.8 | I19: 700 | J19: un
C20: Tornillo pan No. 8*1 estrella | H20: 300 | I20: 300 | J20: un
C21: Tornillo avellan No. 8*3/4 estrella | H21: 300 | I21: 300 | J21: un
C22: Tornillos drywall No 10X2 | H22: 200 | I22: 200 | J22: un
C23: Tornillos drywall No 10X3 | H23: 100 | I23: 100 | J23: un
C24: Chazo plastico de 1/4 | H24: 500 | I24: 500 | J24: un
C25: Chazo plastico de 5/16 | H25: 500 | I25: 500 | J25: un
C26: Remache 5/32X1/2 blanco | H26: =H19/2 -> 303.4 | I26: 500 | J26: un
C27: Remache 1/8X1/2 blanco | H27: =H26/2 -> 151.7 | I27: 500 | J27: un
C28: Arandela de 3/16 | H28: 200 | I28: 200 | J28: Un
C29: Varilla roscada de 3/8 de 3m | H29: 2 | I29: 2 | J29: un
C30: Arandela de 3/8 | H30: 24 | I30: 24 | J30: Un
C31: Tuerca de 3/8 | H31: 24 | I31: 24 | J31: Un
C32: Tubos de silicona color blanco | H32: 3 | I32: 3 | J32: Un
C33: Tubos de silicona color transparente | H33: 3 | I33: 3 | J33: Un
C34: Inyector de silicona | H34: 1 | I34: 1 | J34: Un
C35: Cerradura de pomo bola para entrada acero inoxidable | H35: 2 | I35: 2 | J35: Un
C36: Pasador para puerta en aluminio o acero inoxidable | H36: 12 | I36: 12 | J36: Un
C37: Manija 8025-744 (M8025) para puerta de 19,5 cm | H37: 2 | I37: 2 | J37: Un
C38: Boton bola repujado sencillo en acero inoxidable o aluminio | H38: 12 | I38: 12 | J38: Un
C39: Lamina de policarbonato color blanco (2,10X11,80)m | H39: 1 | I39: 1 | J39: Un
... C42: Bisagra de vaiven blanco pintura | H42: 10 | I42: 10 | J42: un
